{"cameraMode":{"drawMode":0,"name":"Shaded","section":"Shading Mode"},"sceneLighting":false,"audioPlay":false,"sceneViewState":{"m_AlwaysRefresh":false,"showFog":true,"showSkybox":false,"showFlares":true,"showImageEffects":true,"showParticleSystems":true,"showVisualEffectGraphs":true,"m_FxEnabled":true},"in2DMode":false,"pivot":{"x":-0.037514299154281619,"y":1.2084276676177979,"z":-0.3830294907093048},"rotation":{"x":-0.03530106693506241,"y":-0.9594115614891052,"z":0.2424248605966568,"w":-0.13970790803432465},"size":0.6054978370666504,"orthographic":false}