{"cameraMode":{"drawMode":0,"name":"Shaded","section":"Shading Mode"},"sceneLighting":false,"audioPlay":false,"sceneViewState":{"m_AlwaysRefresh":false,"showFog":true,"showSkybox":false,"showFlares":true,"showImageEffects":true,"showParticleSystems":true,"showVisualEffectGraphs":true,"m_FxEnabled":true},"in2DMode":false,"pivot":{"x":0.28129613399505618,"y":1.2339235544204713,"z":0.32068854570388796},"rotation":{"x":-0.00037231508758850396,"y":0.9904495477676392,"z":-0.13786864280700684,"w":-0.002673590090125799},"size":0.5654031038284302,"orthographic":false}