{"cameraMode":{"drawMode":0,"name":"Shaded","section":"Shading Mode"},"sceneLighting":false,"audioPlay":false,"sceneViewState":{"m_AlwaysRefresh":false,"showFog":false,"showSkybox":false,"showFlares":false,"showImageEffects":false,"showParticleSystems":false,"showVisualEffectGraphs":true,"m_FxEnabled":true},"in2DMode":false,"pivot":{"x":-0.09866872429847717,"y":1.0966603755950928,"z":0.2846384048461914},"rotation":{"x":-0.007206738460808992,"y":0.9926227331161499,"z":-0.09439288079738617,"w":-0.07578377425670624},"size":1.1320698261260987,"orthographic":false}