{"cameraMode":{"drawMode":0,"name":"Shaded","section":"Shading Mode"},"sceneLighting":true,"audioPlay":false,"sceneViewState":{"m_AlwaysRefresh":false,"showFog":true,"showSkybox":true,"showFlares":true,"showImageEffects":true,"showParticleSystems":true,"showVisualEffectGraphs":true,"m_FxEnabled":true},"in2DMode":false,"pivot":{"x":-11.390000343322754,"y":-2.2899999618530275,"z":8.260000228881836},"rotation":{"x":-0.000950318353716284,"y":-0.9965760707855225,"z":0.08190286159515381,"w":-0.011562748812139035},"size":1.7038443088531495,"orthographic":false}