{"cameraMode":{"drawMode":0,"name":"Shaded","section":"Shading Mode"},"sceneLighting":false,"audioPlay":false,"sceneViewState":{"m_AlwaysRefresh":false,"showFog":true,"showSkybox":false,"showFlares":true,"showImageEffects":true,"showParticleSystems":true,"showVisualEffectGraphs":true,"m_FxEnabled":true},"in2DMode":false,"pivot":{"x":0.0020440518856048586,"y":1.246821403503418,"z":0.24564918875694276},"rotation":{"x":-0.07053833454847336,"y":0.8984031081199646,"z":-0.15681655704975129,"w":-0.404114305973053},"size":0.5737892389297485,"orthographic":false}