{"cameraMode":{"drawMode":0,"name":"Shaded","section":"Shading Mode"},"sceneLighting":true,"audioPlay":false,"sceneViewState":{"m_AlwaysRefresh":false,"showFog":true,"showSkybox":false,"showFlares":true,"showImageEffects":true,"showParticleSystems":true,"showVisualEffectGraphs":true,"m_FxEnabled":false},"in2DMode":false,"pivot":{"x":-10.629495620727539,"y":-2.2671217918395998,"z":13.391485214233399},"rotation":{"x":0.004200495779514313,"y":0.9957764148712158,"z":-0.0613175667822361,"w":0.06821530312299729},"size":1.3867167234420777,"orthographic":false}