{"cameraMode":{"drawMode":0,"name":"Shaded","section":"Shading Mode"},"sceneLighting":false,"audioPlay":false,"sceneViewState":{"m_AlwaysRefresh":false,"showFog":false,"showSkybox":false,"showFlares":false,"showImageEffects":false,"showParticleSystems":false,"showVisualEffectGraphs":true,"m_FxEnabled":true},"in2DMode":false,"pivot":{"x":-0.029514729976654054,"y":1.1422104835510255,"z":0.10569024085998535},"rotation":{"x":0.016463130712509157,"y":-0.980793297290802,"z":0.1693698614835739,"w":0.09533551335334778},"size":1.1239686012268067,"orthographic":false}