{"cameraMode":{"drawMode":0,"name":"Shaded","section":"Shading Mode"},"sceneLighting":false,"audioPlay":false,"sceneViewState":{"m_AlwaysRefresh":false,"showFog":true,"showSkybox":false,"showFlares":true,"showImageEffects":true,"showParticleSystems":true,"showVisualEffectGraphs":true,"m_FxEnabled":true},"in2DMode":false,"pivot":{"x":-0.025843113660812379,"y":0.7092591524124146,"z":0.28195708990097048},"rotation":{"x":-0.027105525135993959,"y":0.9581603407859802,"z":-0.0969199538230896,"w":-0.2679651975631714},"size":0.6141089200973511,"orthographic":false}